ALTER TABLE POST
  ALTER COLUMN created_at SET DEFAULT CURRENT_TIMESTAMP;

-- Users
-- password in plaintext: "password"
INSERT INTO ACCOUNTS (accounts_id, password, email,  first_name, last_name)
VALUES
  (1, '$2a$06$OAPObzhRdRXBCbk7Hj/ot.jY3zPwR8n7/mfLtKIgTzdJa4.6TwsIm', 'user@mail.com',  'Name', 'Surname');
-- password in plaintext: "password"
INSERT INTO ACCOUNTS (accounts_id, password, email,  first_name, last_name)
VALUES
  (2, '$2a$06$OAPObzhRdRXBCbk7Hj/ot.jY3zPwR8n7/mfLtKIgTzdJa4.6TwsIm', 'johndoe@gmail.com',  'John', 'Doe');
-- password in plaintext: "password"
INSERT INTO ACCOUNTS (accounts_id, password, email,  first_name, last_name)
VALUES (3, '$2a$06$OAPObzhRdRXBCbk7Hj/ot.jY3zPwR8n7/mfLtKIgTzdJa4.6TwsIm', 'ana@mail.com', 'Ana', 'Surname');

-- Roles
INSERT INTO ROLE (role_id, role)
VALUES (1, 'ROLE_ADMIN');
INSERT INTO ROLE (role_id, role)
VALUES (2, 'ROLE_USER');

-- Accounts Roles
INSERT INTO ACCOUNTS_ROLES (accounts_id, role_id)
VALUES (1, 1);
INSERT INTO ACCOUNTS_ROLES (accounts_id, role_id)
VALUES (1, 2);
INSERT INTO ACCOUNTS_ROLES (accounts_id, role_id)
VALUES (2, 2);
INSERT INTO ACCOUNTS_ROLES (accounts_id, role_id)
VALUES (3, 2);

-- Posts
INSERT INTO POST (post_id, accounts_id, title, intro, created_at)
VALUES (1, 1, 'Title 1',
        '"Lorem ipsum dolor sit amet, consectetur adipiscing elit, sed do eiusmod tempor incididunt ut labore et dolore magna aliqua. Ut enim ad minim veniam, quis nostrud exercitation ullamco laboris nisi ut aliquip ex ea commodo consequat. Duis aute irure dolor in reprehenderit in voluptate velit esse cillum dolore eu fugiat nulla pariatur. Excepteur sint occaecat cupidatat non proident, sunt in culpa qui officia deserunt mollit anim id est laborum."',
        --         CURRENT_TIMESTAMP());
        {ts '2016-10-19 11:10:13.247'});
INSERT INTO POST (post_id, accounts_id, title, intro, created_at)
VALUES (2, 1, 'Title 2',
        '"Lorem ipsum dolor sit amet, consectetur adipiscing elit, sed do eiusmod tempor incididunt ut labore et dolore magna aliqua. Ut enim ad minim veniam, quis nostrud exercitation ullamco laboris nisi ut aliquip ex ea commodo consequat. Duis aute irure dolor in reprehenderit in voluptate velit esse cillum dolore eu fugiat nulla pariatur. Excepteur sint occaecat cupidatat non proident, sunt in culpa qui officia deserunt mollit anim id est laborum."',
        --         CURRENT_TIMESTAMP());
        {ts '2016-11-10 11:10:13.247'});
INSERT INTO POST (post_id, accounts_id, title, intro, created_at)
VALUES (3, 1, 'Title 3',
        '"Lorem ipsum dolor sit amet, consectetur adipiscing elit, sed do eiusmod tempor incididunt ut labore et dolore magna aliqua. Ut enim ad minim veniam, quis nostrud exercitation ullamco laboris nisi ut aliquip ex ea commodo consequat. Duis aute irure dolor in reprehenderit in voluptate velit esse cillum dolore eu fugiat nulla pariatur. Excepteur sint occaecat cupidatat non proident, sunt in culpa qui officia deserunt mollit anim id est laborum."',
        CURRENT_TIMESTAMP());
INSERT INTO POST (post_id, accounts_id, title, intro, created_at)
VALUES (4, 1, 'Title 4',
        '"Lorem ipsum dolor sit amet, consectetur adipiscing elit, sed do eiusmod tempor incididunt ut labore et dolore magna aliqua. Ut enim ad minim veniam, quis nostrud exercitation ullamco laboris nisi ut aliquip ex ea commodo consequat. Duis aute irure dolor in reprehenderit in voluptate velit esse cillum dolore eu fugiat nulla pariatur. Excepteur sint occaecat cupidatat non proident, sunt in culpa qui officia deserunt mollit anim id est laborum."',
        CURRENT_TIMESTAMP());
INSERT INTO POST (post_id, accounts_id, title, intro, created_at)
VALUES (5, 1, 'Title 5',
        '"Lorem ipsum dolor sit amet, consectetur adipiscing elit, sed do eiusmod tempor incididunt ut labore et dolore magna aliqua. Ut enim ad minim veniam, quis nostrud exercitation ullamco laboris nisi ut aliquip ex ea commodo consequat. Duis aute irure dolor in reprehenderit in voluptate velit esse cillum dolore eu fugiat nulla pariatur. Excepteur sint occaecat cupidatat non proident, sunt in culpa qui officia deserunt mollit anim id est laborum."',
        CURRENT_TIMESTAMP());
INSERT INTO POST (post_id, accounts_id, title, intro, created_at)
VALUES (6, 1, 'Title 6',
        '"Lorem ipsum dolor sit amet, consectetur adipiscing elit, sed do eiusmod tempor incididunt ut labore et dolore magna aliqua. Ut enim ad minim veniam, quis nostrud exercitation ullamco laboris nisi ut aliquip ex ea commodo consequat. Duis aute irure dolor in reprehenderit in voluptate velit esse cillum dolore eu fugiat nulla pariatur. Excepteur sint occaecat cupidatat non proident, sunt in culpa qui officia deserunt mollit anim id est laborum."',
        CURRENT_TIMESTAMP());
INSERT INTO POST (post_id, accounts_id, title, intro, created_at)
VALUES (7, 2, 'Title 7',
        '"Lorem ipsum dolor sit amet, consectetur adipiscing elit, sed do eiusmod tempor incididunt ut labore et dolore magna aliqua. Ut enim ad minim veniam, quis nostrud exercitation ullamco laboris nisi ut aliquip ex ea commodo consequat. Duis aute irure dolor in reprehenderit in voluptate velit esse cillum dolore eu fugiat nulla pariatur. Excepteur sint occaecat cupidatat non proident, sunt in culpa qui officia deserunt mollit anim id est laborum."',
        CURRENT_TIMESTAMP());
INSERT INTO POST (post_id, accounts_id, title, intro, created_at)
VALUES (8, 2, 'Title 8',
        '"Lorem ipsum dolor sit amet, consectetur adipiscing elit, sed do eiusmod tempor incididunt ut labore et dolore magna aliqua. Ut enim ad minim veniam, quis nostrud exercitation ullamco laboris nisi ut aliquip ex ea commodo consequat. Duis aute irure dolor in reprehenderit in voluptate velit esse cillum dolore eu fugiat nulla pariatur. Excepteur sint occaecat cupidatat non proident, sunt in culpa qui officia deserunt mollit anim id est laborum."',
        CURRENT_TIMESTAMP());
INSERT INTO POST (post_id, accounts_id, title, intro, created_at)
VALUES (9, 2, 'Title 9',
        '"Lorem ipsum dolor sit amet, consectetur adipiscing elit, sed do eiusmod tempor incididunt ut labore et dolore magna aliqua. Ut enim ad minim veniam, quis nostrud exercitation ullamco laboris nisi ut aliquip ex ea commodo consequat. Duis aute irure dolor in reprehenderit in voluptate velit esse cillum dolore eu fugiat nulla pariatur. Excepteur sint occaecat cupidatat non proident, sunt in culpa qui officia deserunt mollit anim id est laborum."',
        CURRENT_TIMESTAMP());
INSERT INTO POST (post_id, accounts_id, title, intro, created_at)
VALUES (10, 2, 'Title 10',
        '"Lorem ipsum dolor sit amet, consectetur adipiscing elit, sed do eiusmod tempor incididunt ut labore et dolore magna aliqua. Ut enim ad minim veniam, quis nostrud exercitation ullamco laboris nisi ut aliquip ex ea commodo consequat. Duis aute irure dolor in reprehenderit in voluptate velit esse cillum dolore eu fugiat nulla pariatur. Excepteur sint occaecat cupidatat non proident, sunt in culpa qui officia deserunt mollit anim id est laborum."',
        CURRENT_TIMESTAMP());
INSERT INTO POST (post_id, accounts_id, title, intro, created_at)
VALUES (11, 3, 'Title 11',
        '"Lorem ipsum dolor sit amet, consectetur adipiscing elit, sed do eiusmod tempor incididunt ut labore et dolore magna aliqua. Ut enim ad minim veniam, quis nostrud exercitation ullamco laboris nisi ut aliquip ex ea commodo consequat. Duis aute irure dolor in reprehenderit in voluptate velit esse cillum dolore eu fugiat nulla pariatur. Excepteur sint occaecat cupidatat non proident, sunt in culpa qui officia deserunt mollit anim id est laborum."',
        CURRENT_TIMESTAMP());
INSERT INTO POST (post_id, accounts_id, title, intro, created_at)
VALUES (12, 3, 'Title 12',
        '"Lorem ipsum dolor sit amet, consectetur adipiscing elit, sed do eiusmod tempor incididunt ut labore et dolore magna aliqua. Ut enim ad minim veniam, quis nostrud exercitation ullamco laboris nisi ut aliquip ex ea commodo consequat. Duis aute irure dolor in reprehenderit in voluptate velit esse cillum dolore eu fugiat nulla pariatur. Excepteur sint occaecat cupidatat non proident, sunt in culpa qui officia deserunt mollit anim id est laborum."',
        CURRENT_TIMESTAMP());

-- Comments
INSERT INTO COMMENT (comment_id, post_id, accounts_id, body, create_date)
VALUES (1,1, 1,
        '"Lorem ipsum dolor sit amet, consectetur adipiscing elit, sed do eiusmod tempor incididunt ut labore et dolore magna aliqua. Ut enim ad minim veniam, quis nostrud exercitation ullamco laboris nisi ut aliquip ex ea commodo consequat. Duis aute irure dolor in reprehenderit in voluptate velit esse cillum dolore eu fugiat nulla pariatur. Excepteur sint occaecat cupidatat non proident, sunt in culpa qui officia deserunt mollit anim id est laborum."',
        CURRENT_TIMESTAMP());
INSERT INTO COMMENT (comment_id,post_id, accounts_id, body, create_date)
VALUES (2,1, 2,
        '"Lorem ipsum dolor sit amet, consectetur adipiscing elit, sed do eiusmod tempor incididunt ut labore et dolore magna aliqua. Ut enim ad minim veniam, quis nostrud exercitation ullamco laboris nisi ut aliquip ex ea commodo consequat. Duis aute irure dolor in reprehenderit in voluptate velit esse cillum dolore eu fugiat nulla pariatur. Excepteur sint occaecat cupidatat non proident, sunt in culpa qui officia deserunt mollit anim id est laborum."',
        CURRENT_TIMESTAMP());
INSERT INTO COMMENT (comment_id,post_id, accounts_id, body, create_date)
VALUES (3,1, 3,
        '"Lorem ipsum dolor sit amet, consectetur adipiscing elit, sed do eiusmod tempor incididunt ut labore et dolore magna aliqua. Ut enim ad minim veniam, quis nostrud exercitation ullamco laboris nisi ut aliquip ex ea commodo consequat. Duis aute irure dolor in reprehenderit in voluptate velit esse cillum dolore eu fugiat nulla pariatur. Excepteur sint occaecat cupidatat non proident, sunt in culpa qui officia deserunt mollit anim id est laborum."',
        CURRENT_TIMESTAMP());
INSERT INTO COMMENT (comment_id, post_id, accounts_id, body, create_date)
VALUES (4,6, 1,
        '"Lorem ipsum dolor sit amet, consectetur adipiscing elit, sed do eiusmod tempor incididunt ut labore et dolore magna aliqua. Ut enim ad minim veniam, quis nostrud exercitation ullamco laboris nisi ut aliquip ex ea commodo consequat. Duis aute irure dolor in reprehenderit in voluptate velit esse cillum dolore eu fugiat nulla pariatur. Excepteur sint occaecat cupidatat non proident, sunt in culpa qui officia deserunt mollit anim id est laborum."',
        CURRENT_TIMESTAMP());
INSERT INTO COMMENT (comment_id,post_id, accounts_id, body, create_date)
VALUES (5,6, 2,
        '"Lorem ipsum dolor sit amet, consectetur adipiscing elit, sed do eiusmod tempor incididunt ut labore et dolore magna aliqua. Ut enim ad minim veniam, quis nostrud exercitation ullamco laboris nisi ut aliquip ex ea commodo consequat. Duis aute irure dolor in reprehenderit in voluptate velit esse cillum dolore eu fugiat nulla pariatur. Excepteur sint occaecat cupidatat non proident, sunt in culpa qui officia deserunt mollit anim id est laborum."',
        CURRENT_TIMESTAMP());
INSERT INTO COMMENT (comment_id,post_id, accounts_id, body, create_date)
VALUES (6,6, 3,
        '"Lorem ipsum dolor sit amet, consectetur adipiscing elit, sed do eiusmod tempor incididunt ut labore et dolore magna aliqua. Ut enim ad minim veniam, quis nostrud exercitation ullamco laboris nisi ut aliquip ex ea commodo consequat. Duis aute irure dolor in reprehenderit in voluptate velit esse cillum dolore eu fugiat nulla pariatur. Excepteur sint occaecat cupidatat non proident, sunt in culpa qui officia deserunt mollit anim id est laborum."',
        CURRENT_TIMESTAMP());